{"cameraMode":{"drawMode":0,"name":"Shaded","section":"Shading Mode"},"sceneLighting":true,"audioPlay":false,"sceneViewState":{"m_AlwaysRefresh":false,"showFog":true,"showSkybox":true,"showFlares":true,"showImageEffects":true,"showParticleSystems":true,"showVisualEffectGraphs":true,"m_FxEnabled":true},"in2DMode":false,"pivot":{"x":-16.180095672607423,"y":7.070423126220703,"z":4.520583629608154},"rotation":{"x":-0.05328987538814545,"y":-0.5092060565948486,"z":0.031248973682522775,"w":-0.8585725426673889},"size":7.9435906410217289,"orthographic":false}